{
  "mortgageTypes": [
    {
      "id": "FTB",
      "name": "First Time Buyer"
    },
    {
      "id": "RES",
      "name": "Residential"
    },
    {
      "id": "BTL",
      "name": "Buy To Let"
    },
    {
      "id": "SVR",
      "name": "Standard Variable Rate"
    }
  ],
  "offers": [
    {
      "productCode": "FTB24",
      "title": "First Time Buyer 2 Years Fixed Rate",
      "months": 24,
      "rate": 2.54,
      "mortgageType": "FTB"
    },
    {
      "productCode": "FTB60",
      "title": "First Time Buyer 5 Years Fixed Rate",
      "months": 60,
      "rate": 3.04,
      "mortgageType": "FTB"
    },
    {
      "productCode": "RES24",
      "title": "Residential 2 Years Fixed Rate",
      "months": 24,
      "rate": 3.54,
      "mortgageType": "RES"
    },
    {
      "productCode": "RES60",
      "title": "Residential 5 Years Fixed Rate",
      "months": 24,
      "rate": 4.54,
      "mortgageType": "RES"
    },
    {
      "productCode": "BTL24",
      "title": "Buy to Let 5 Years Fixed Rate",
      "months": 24,
      "rate": 5.04,
      "mortgageType": "BTL"
    },
    {
      "productCode": "BTL60",
      "title": "Buy to Let 5 Years Fixed Rate",
      "months": 60,
      "rate": 5.54,
      "mortgageType": "BTL"
    },
    {
      "productCode": "SVR",
      "title": "Standard Variable Rate",
      "months": -1,
      "rate": 6.54,
      "mortgageType": "SVR"
    }
  ]
}
